Year,Month,Utility Number,Utility Name,State,Ownership,Data Status,Thousands Dollars,RESIDENTIAL,Count,Thousands Dollars,COMMERCIAL,Count,Thousands Dollars,INDUSTRIAL,Count,Thousands Dollars,TRANSPORTATION,Count,Thousands Dollars,TOTAL,Count
2015,1,15497,Puerto Rico Electric Pwr Authority,PR,State,Final,104499.231,483930.66,1328896,152091.39,673243,127830,30585.289,161468.94,658,0,0,0,287175.91,1318642.6,1457384
2015,1,57313,SolarCity Corporation,PR,Behind the Meter,Final,0,0,0,12.79,87.55,6,0,0,0,0,0,0,12.79,87.55,6
2015,1,59139,SunEdison LLC,PR,Behind the Meter,Final,0,0,0,101.481,634.65,14,0,0,0,0,0,0,101.481,634.65,14
2015,1,59579,Sunnova,PR,Behind the Meter,Final,32.955,151.22,200,0,0,0,0,0,0,0,0,0,32.955,151.22,200
2015,2,59579,Sunnova,GU,Behind the Meter,Final,4.526,47.7,25,0,0,0,0,0,0,0,0,0,4.526,47.7,25
2015,2,15497,Puerto Rico Electric Pwr Authority,PR,State,Final,96966.685,426690.26,1327563,148399.906,630557.57,127678,32527.299,168000.45,653,0,0,0,277893.89,1225248.28,1455894
2015,2,57313,SolarCity Corporation,PR,Behind the Meter,Final,0,0,0,12.12,82.87,6,0,0,0,0,0,0,12.12,82.87,6
2015,2,59139,SunEdison LLC,PR,Behind the Meter,Final,0,0,0,107.849,635.57,14,0,0,0,0,0,0,107.849,635.57,14
2015,2,59579,Sunnova,PR,Behind the Meter,Final,58.567,235,287,0,0,0,0,0,0,0,0,0,58.567,235,287
2015,3,59579,Sunnova,GU,Behind the Meter,Final,16.999,81.36,52,0,0,0,0,0,0,0,0,0,16.999,81.36,52
2015,3,15497,Puerto Rico Electric Pwr Authority,PR,State,Final,102434.597,478734.01,1327022,169481.269,723991.68,127571,38597.426,203924.8,651,0,0,0,310513.292,1406650.49,1455244
2015,3,57313,SolarCity Corporation,PR,Behind the Meter,Final,0,0,0,15.87,108.5,6,0,0,0,0,0,0,15.87,108.5,6
2015,3,59139,SunEdison LLC,PR,Behind the Meter,Final,0,0,0,132.923,769.73,14,0,0,0,0,0,0,132.923,769.73,14
2015,3,59579,Sunnova,PR,Behind the Meter,Final,93.67,404.21,465,0,0,0,0,0,0,0,0,0,93.67,404.21,465
2015,4,59579,Sunnova,GU,Behind the Meter,Final,25.217,118.53,69,0,0,0,0,0,0,0,0,0,25.217,118.53,69
2015,4,15497,Puerto Rico Electric Pwr Authority,PR,State,Final,104413.004,473855.17,1326520,155187.89,684926.59,127392,34319.901,177382.35,649,0,0,0,293920.795,1336164.11,1454561
2015,4,57313,SolarCity Corporation,PR,Behind the Meter,Final,0,0,0,18.97,131.24,9,0,0,0,0,0,0,18.97,131.24,9
2015,4,59139,SunEdison LLC,PR,Behind the Meter,Final,0,0,0,134.844,780.05,14,0,0,0,0,0,0,134.844,780.05,14
2015,4,59579,Sunnova,PR,Behind the Meter,Final,93.593,539.13,600,0,0,0,0,0,0,0,0,0,93.593,539.13,600
2015,5,59579,Sunnova,GU,Behind the Meter,Final,27.13,122.35,120,0,0,0,0,0,0,0,0,0,27.13,122.35,120
2015,5,15497,Puerto Rico Electric Pwr Authority,PR,State,Final,114401.395,568664.57,1326554,156573.353,753889.5,127364,37192.973,209376.93,648,0,0,0,308167.721,1531931.01,1454566
2015,5,57313,SolarCity Corporation,PR,Behind the Meter,Final,0,0,0,46.9,335.95,14,0,0,0,0,0,0,46.9,335.95,14
2015,5,59139,SunEdison LLC,PR,Behind the Meter,Final,0,0,0,130.454,761.17,14,0,0,0,0,0,0,130.454,761.17,14
2015,5,59579,Sunnova,PR,Behind the Meter,Final,112.231,591.1,1000,0,0,0,0,0,0,0,0,0,112.231,591.1,1000
2015,6,59579,Sunnova,GU,Behind the Meter,Final,41.857,163.05,102,0,0,0,0,0,0,0,0,0,41.857,163.05,102
2015,6,15497,Puerto Rico Electric Pwr Authority,PR,State,Final,110129.655,542821.72,1326204,159343.199,724378.86,127257,37226.692,207775.82,646,0,0,0,306699.546,1474976.4,1454107
2015,6,57313,SolarCity Corporation,PR,Behind the Meter,Final,0,0,0,60.25,436.92,14,0,0,0,0,0,0,60.25,436.92,14
2015,6,59139,SunEdison LLC,PR,Behind the Meter,Final,0,0,0,134.602,787.68,14,0,0,0,0,0,0,134.602,787.68,14
2015,6,59579,Sunnova,PR,Behind the Meter,Final,185.162,699.53,859,0,0,0,0,0,0,0,0,0,185.162,699.53,859
2015,7,59579,Sunnova,GU,Behind the Meter,Final,45.773,186.47,146,0,0,0,0,0,0,0,0,0,45.773,186.47,146
2015,7,15497,Puerto Rico Electric Pwr Authority,PR,State,Final,116039.175,583879.9,1326832,160087.273,758812.11,127213,35918.134,205806.51,651,0,0,0,312044.582,1548498.53,1454696
2015,7,57313,SolarCity Corporation,PR,Behind the Meter,Final,0,0,0,65.33,477.42,14,0,0,0,0,0,0,65.33,477.42,14
2015,7,59139,SunEdison LLC,PR,Behind the Meter,Final,0,0,0,138.765,811.56,14,0,0,0,0,0,0,138.765,811.56,14
2015,7,59579,Sunnova,PR,Behind the Meter,Final,167.963,834.62,989,0,0,0,0,0,0,0,0,0,167.963,834.62,989
2015,8,59579,Sunnova,GU,Behind the Meter,Final,65.03,233.72,175,0,0,0,0,0,0,0,0,0,65.03,233.72,175
2015,8,15497,Puerto Rico Electric Pwr Authority,PR,State,Final,115363.163,590030.16,1326488,149581.135,752152.56,127157,33835.306,203069.72,649,0,0,0,298779.604,1545252.44,1454294
2015,8,57313,SolarCity Corporation,PR,Behind the Meter,Final,0,0,0,71.27,522.93,14,0,0,0,0,0,0,71.27,522.93,14
2015,8,59139,SunEdison LLC,PR,Behind the Meter,Final,0,0,0,131.139,765.68,14,0,0,0,0,0,0,131.139,765.68,14
2015,8,59579,Sunnova,PR,Behind the Meter,Final,176.329,851.8,1071,0,0,0,0,0,0,0,0,0,176.329,851.8,1071
2015,9,59579,Sunnova,GU,Behind the Meter,Final,59.599,272.15,213,0,0,0,0,0,0,0,0,0,59.599,272.15,213
2015,9,15497,Puerto Rico Electric Pwr Authority,PR,State,Final,114185.952,547658.77,1324602,149405.694,671011.38,127718,37328.121,203540.64,643,0,0,0,300919.767,1422210.8,1452963
2015,9,57313,SolarCity Corporation,PR,Behind the Meter,Final,0,0,0,67.709,496.12,14,0,0,0,0,0,0,67.709,496.12,14
2015,9,59139,SunEdison LLC,PR,Behind the Meter,Final,0,0,0,124.039,724.9,14,0,0,0,0,0,0,124.039,724.9,14
2015,9,59579,Sunnova,PR,Behind the Meter,Final,133.626,893.92,1161,0,0,0,0,0,0,0,0,0,133.626,893.92,1161
2015,10,59579,Sunnova,GU,Behind the Meter,Final,58.057,350.57,264,0,0,0,0,0,0,0,0,0,58.057,350.57,264
2015,10,15497,Puerto Rico Electric Pwr Authority,PR,State,Final,116387.074,603370.46,1325203,162930.41,790108.87,127003,34279.019,201612.13,643,0,0,0,313596.503,1595091.45,1452849
2015,10,57313,SolarCity Corporation,PR,Behind the Meter,Final,0,0,0,55.109,403.59,14,0,0,0,0,0,0,55.109,403.59,14
2015,10,59139,SunEdison LLC,PR,Behind the Meter,Final,0,0,0,111.731,655.55,14,0,0,0,0,0,0,111.731,655.55,14
2015,10,59579,Sunnova,PR,Behind the Meter,Final,155.438,881.95,1237,0,0,0,0,0,0,0,0,0,155.438,881.95,1237
2015,11,59579,Sunnova,GU,Behind the Meter,Final,71.605,408.19,277,0,0,0,0,0,0,0,0,0,71.605,408.19,277
2015,11,15497,Puerto Rico Electric Pwr Authority,PR,State,Final,94823.494,506243.69,1326443,141596.993,707357.51,127106,31472.727,199706.39,639,0,0,0,267893.214,1413307.59,1454188
2015,11,57313,SolarCity Corporation,PR,Behind the Meter,Final,0,0,0,48.527,355.65,14,0,0,0,0,0,0,48.527,355.65,14
2015,11,59139,SunEdison LLC,PR,Behind the Meter,Final,0,0,0,90.523,530.57,14,0,0,0,0,0,0,90.523,530.57,14
2015,11,59579,Sunnova,PR,Behind the Meter,Final,168.962,812.7,1317,0,0,0,0,0,0,0,0,0,168.962,812.7,1317
2015,12,59579,Sunnova,GU,Behind the Meter,Final,97.431,436.75,340,0,0,0,0,0,0,0,0,0,97.431,436.75,340
2015,12,15497,Puerto Rico Electric Pwr Authority,PR,State,Final,90714.402,509594.24,1327247,143450.96,704434.38,127086,33875.027,213969.68,638,0,0,0,268040.389,1427998.29,1454971
2015,12,57313,SolarCity Corporation,PR,Behind the Meter,Final,0,0,0,55.678,407.96,14,0,0,0,0,0,0,55.678,407.96,14
2015,12,59139,SunEdison LLC,PR,Behind the Meter,Final,0,0,0,103.487,602.86,14,0,0,0,0,0,0,103.487,602.86,14
2015,12,59579,Sunnova,PR,Behind the Meter,Final,271.429,986.32,1477,0,0,0,0,0,0,0,0,0,271.429,986.32,1477
"Ownership code 'Behind the Meter'- this group consists of Third Party Owners of rooftop solar systems.
 Starting in April 2016, the standard-offer data in Maine are being published with the bundled data.",,,,,,,,,,,,,,,,,,,,,
